{
  "initialInvestment": 10000.0,
  "timeHorizon": 10,
  "returnRate": 6.9121475620936605,
  "riskFreeRate": 4.57,
  "mutualFundBeta": -0.5409253949081415,
  "earnings": 9961.39,
  "totalBalance": 19961.39
}