{
  "initialInvestment": 10000.0,
  "timeHorizon": 10,
  "returnRate": 138.24574212468278,
  "riskFreeRate": 4.61,
  "mutualFundBeta": 1.3363574212468279,
  "earnings": 1.009103853798E10,
  "totalBalance": 1.009104853798E10
}